cargo,port_dk,2015,2016
Liquid_gas,Avedøreværkets,0,0
Liquid_gas,Københavns,0,0
Liquid_gas,Helsingør,0,0
Liquid_gas,Stålvalseværkets,0,0
Liquid_gas,Køge,0,0
Liquid_gas,Asnæsværkets,0,0
Liquid_gas,Asnæs_Inter_Terminals,0,0
Liquid_gas,Gulfhavnen_Inter_Terminals,0,0
Liquid_gas,Kalundborg,0,0
Liquid_gas,Korsør,0,0
Liquid_gas,Sjællands-Odde,0,0
Liquid_gas,Statoil-Havnen,60,40
Liquid_gas,Stigsnæsværkets,0,0
Liquid_gas,Stigsnæs_Inter_Terminals,0,0
Liquid_gas,Gedser,0,0
Liquid_gas,Rødby_Færgehavn,0,0
Liquid_gas,Rønne,0,0
Liquid_gas,Nyborg,0,0
Liquid_gas,Odense,0,0
Liquid_gas,Aabenraa,0,0
Liquid_gas,Ensted_Inter_Terminals,0,0
Liquid_gas,Enstedværkets,0,0
Liquid_gas,Esbjerg,21,20
Liquid_gas,Fredericia,97,103
Liquid_gas,Kolding,0,0
Liquid_gas,Vejle,0,0
Liquid_gas,Thyborøn,0,0
Liquid_gas,Ebeltoft,0,0
Liquid_gas,Grenaa,0,0
Liquid_gas,Randers,0,0
Liquid_gas,Studstrupværkets,0,0
Liquid_gas,Aarhus,0,0
Liquid_gas,Aalborg,0,0
Liquid_gas,Aalborg_Portland,0,0
Liquid_gas,Frederikshavn,0,0
Liquid_gas,Hirtshals,0,0
Liquid_gas,Nordjyllandsværkets,0,0
Crude_oil,Avedøreværkets,5,0
Crude_oil,Københavns,0,0
Crude_oil,Helsingør,0,0
Crude_oil,Stålvalseværkets,0,0
Crude_oil,Køge,0,0
Crude_oil,Asnæsværkets,0,0
Crude_oil,Asnæs_Inter_Terminals,0,0
Crude_oil,Gulfhavnen_Inter_Terminals,0,0
Crude_oil,Kalundborg,18,15
Crude_oil,Korsør,0,0
Crude_oil,Sjællands-Odde,0,0
Crude_oil,Statoil-Havnen,4530,3993
Crude_oil,Stigsnæsværkets,0,0
Crude_oil,Stigsnæs_Inter_Terminals,0,0
Crude_oil,Gedser,0,0
Crude_oil,Rødby_Færgehavn,0,0
Crude_oil,Rønne,0,0
Crude_oil,Nyborg,0,0
Crude_oil,Odense,0,0
Crude_oil,Aabenraa,0,0
Crude_oil,Ensted_Inter_Terminals,0,0
Crude_oil,Enstedværkets,0,0
Crude_oil,Esbjerg,0,0
Crude_oil,Fredericia,3748,3034
Crude_oil,Kolding,0,0
Crude_oil,Vejle,0,0
Crude_oil,Thyborøn,31,28
Crude_oil,Ebeltoft,0,0
Crude_oil,Grenaa,0,0
Crude_oil,Randers,0,0
Crude_oil,Studstrupværkets,3,0
Crude_oil,Aarhus,0,0
Crude_oil,Aalborg,0,0
Crude_oil,Aalborg_Portland,0,0
Crude_oil,Frederikshavn,0,0
Crude_oil,Hirtshals,0,0
Crude_oil,Nordjyllandsværkets,0,0
Mineral_oil_products,Avedøreværkets,0,7
Mineral_oil_products,Københavns,2925,3338
Mineral_oil_products,Helsingør,0,0
Mineral_oil_products,Stålvalseværkets,0,0
Mineral_oil_products,Køge,37,45
Mineral_oil_products,Asnæsværkets,1590,1084
Mineral_oil_products,Asnæs_Inter_Terminals,304,757
Mineral_oil_products,Gulfhavnen_Inter_Terminals,1195,706
Mineral_oil_products,Kalundborg,75,47
Mineral_oil_products,Korsør,0,0
Mineral_oil_products,Sjællands-Odde,0,0
Mineral_oil_products,Statoil-Havnen,4124,4018
Mineral_oil_products,Stigsnæsværkets,0,0
Mineral_oil_products,Stigsnæs_Inter_Terminals,4151,3843
Mineral_oil_products,Gedser,0,0
Mineral_oil_products,Rødby_Færgehavn,0,0
Mineral_oil_products,Rønne,60,67
Mineral_oil_products,Nyborg,0,0
Mineral_oil_products,Odense,2,5
Mineral_oil_products,Aabenraa,364,135
Mineral_oil_products,Ensted_Inter_Terminals,1182,883
Mineral_oil_products,Enstedværkets,0,0
Mineral_oil_products,Esbjerg,220,197
Mineral_oil_products,Fredericia,2426,2407
Mineral_oil_products,Kolding,0,0
Mineral_oil_products,Vejle,0,0
Mineral_oil_products,Thyborøn,0,0
Mineral_oil_products,Ebeltoft,0,0
Mineral_oil_products,Grenaa,0,0
Mineral_oil_products,Randers,0,0
Mineral_oil_products,Studstrupværkets,0,6
Mineral_oil_products,Aarhus,1029,996
Mineral_oil_products,Aalborg,1451,827
Mineral_oil_products,Aalborg_Portland,0,0
Mineral_oil_products,Frederikshavn,0,0
Mineral_oil_products,Hirtshals,0,0
Mineral_oil_products,Nordjyllandsværkets,0,0
Liquid_chemicals,Avedøreværkets,0,0
Liquid_chemicals,Københavns,56,116
Liquid_chemicals,Helsingør,0,0
Liquid_chemicals,Stålvalseværkets,0,0
Liquid_chemicals,Køge,1,0
Liquid_chemicals,Asnæsværkets,0,0
Liquid_chemicals,Asnæs_Inter_Terminals,0,0
Liquid_chemicals,Gulfhavnen_Inter_Terminals,0,0
Liquid_chemicals,Kalundborg,69,75
Liquid_chemicals,Korsør,0,0
Liquid_chemicals,Sjællands-Odde,0,0
Liquid_chemicals,Statoil-Havnen,21,8
Liquid_chemicals,Stigsnæsværkets,0,0
Liquid_chemicals,Stigsnæs_Inter_Terminals,0,0
Liquid_chemicals,Gedser,0,0
Liquid_chemicals,Rødby_Færgehavn,0,0
Liquid_chemicals,Rønne,0,0
Liquid_chemicals,Nyborg,0,0
Liquid_chemicals,Odense,0,0
Liquid_chemicals,Aabenraa,1,2
Liquid_chemicals,Ensted_Inter_Terminals,0,0
Liquid_chemicals,Enstedværkets,0,0
Liquid_chemicals,Esbjerg,126,119
Liquid_chemicals,Fredericia,100,115
Liquid_chemicals,Kolding,0,0
Liquid_chemicals,Vejle,0,0
Liquid_chemicals,Thyborøn,15,9
Liquid_chemicals,Ebeltoft,0,0
Liquid_chemicals,Grenaa,23,33
Liquid_chemicals,Randers,0,0
Liquid_chemicals,Studstrupværkets,0,0
Liquid_chemicals,Aarhus,37,31
Liquid_chemicals,Aalborg,23,62
Liquid_chemicals,Aalborg_Portland,0,0
Liquid_chemicals,Frederikshavn,0,0
Liquid_chemicals,Hirtshals,0,0
Liquid_chemicals,Nordjyllandsværkets,0,0
Other_liquid_bulk,Avedøreværkets,0,0
Other_liquid_bulk,Københavns,0,20
Other_liquid_bulk,Helsingør,0,0
Other_liquid_bulk,Stålvalseværkets,0,0
Other_liquid_bulk,Køge,8,13
Other_liquid_bulk,Asnæsværkets,0,0
Other_liquid_bulk,Asnæs_Inter_Terminals,0,0
Other_liquid_bulk,Gulfhavnen_Inter_Terminals,95,262
Other_liquid_bulk,Kalundborg,0,0
Other_liquid_bulk,Korsør,0,0
Other_liquid_bulk,Sjællands-Odde,0,0
Other_liquid_bulk,Statoil-Havnen,0,0
Other_liquid_bulk,Stigsnæsværkets,0,0
Other_liquid_bulk,Stigsnæs_Inter_Terminals,0,0
Other_liquid_bulk,Gedser,0,0
Other_liquid_bulk,Rødby_Færgehavn,0,0
Other_liquid_bulk,Rønne,1,0
Other_liquid_bulk,Nyborg,0,0
Other_liquid_bulk,Odense,19,19
Other_liquid_bulk,Aabenraa,35,30
Other_liquid_bulk,Ensted_Inter_Terminals,0,0
Other_liquid_bulk,Enstedværkets,0,0
Other_liquid_bulk,Esbjerg,236,278
Other_liquid_bulk,Fredericia,226,99
Other_liquid_bulk,Kolding,31,35
Other_liquid_bulk,Vejle,0,0
Other_liquid_bulk,Thyborøn,60,54
Other_liquid_bulk,Ebeltoft,0,0
Other_liquid_bulk,Grenaa,56,53
Other_liquid_bulk,Randers,0,0
Other_liquid_bulk,Studstrupværkets,0,0
Other_liquid_bulk,Aarhus,420,762
Other_liquid_bulk,Aalborg,15,19
Other_liquid_bulk,Aalborg_Portland,0,0
Other_liquid_bulk,Frederikshavn,0,0
Other_liquid_bulk,Hirtshals,0,0
Other_liquid_bulk,Nordjyllandsværkets,0,0
Ores_and_metal_waste,Avedøreværkets,0,0
Ores_and_metal_waste,Københavns,17,36
Ores_and_metal_waste,Helsingør,0,0
Ores_and_metal_waste,Stålvalseværkets,52,64
Ores_and_metal_waste,Køge,154,148
Ores_and_metal_waste,Asnæsværkets,0,0
Ores_and_metal_waste,Asnæs_Inter_Terminals,0,0
Ores_and_metal_waste,Gulfhavnen_Inter_Terminals,0,0
Ores_and_metal_waste,Kalundborg,0,0
Ores_and_metal_waste,Korsør,0,0
Ores_and_metal_waste,Sjællands-Odde,0,0
Ores_and_metal_waste,Statoil-Havnen,0,0
Ores_and_metal_waste,Stigsnæsværkets,0,0
Ores_and_metal_waste,Stigsnæs_Inter_Terminals,0,0
Ores_and_metal_waste,Gedser,0,0
Ores_and_metal_waste,Rødby_Færgehavn,0,0
Ores_and_metal_waste,Rønne,7,7
Ores_and_metal_waste,Nyborg,0,0
Ores_and_metal_waste,Odense,538,496
Ores_and_metal_waste,Aabenraa,0,0
Ores_and_metal_waste,Ensted_Inter_Terminals,0,0
Ores_and_metal_waste,Enstedværkets,0,33
Ores_and_metal_waste,Esbjerg,24,29
Ores_and_metal_waste,Fredericia,0,3
Ores_and_metal_waste,Kolding,0,0
Ores_and_metal_waste,Vejle,0,0
Ores_and_metal_waste,Thyborøn,0,0
Ores_and_metal_waste,Ebeltoft,0,0
Ores_and_metal_waste,Grenaa,229,350
Ores_and_metal_waste,Randers,0,0
Ores_and_metal_waste,Studstrupværkets,0,0
Ores_and_metal_waste,Aarhus,22,24
Ores_and_metal_waste,Aalborg,67,74
Ores_and_metal_waste,Aalborg_Portland,252,275
Ores_and_metal_waste,Frederikshavn,0,0
Ores_and_metal_waste,Hirtshals,0,0
Ores_and_metal_waste,Nordjyllandsværkets,0,0
Coal,Avedøreværkets,284,103
Coal,Københavns,251,387
Coal,Helsingør,0,0
Coal,Stålvalseværkets,0,0
Coal,Køge,14,9
Coal,Asnæsværkets,294,412
Coal,Asnæs_Inter_Terminals,0,0
Coal,Gulfhavnen_Inter_Terminals,0,0
Coal,Kalundborg,0,0
Coal,Korsør,0,0
Coal,Sjællands-Odde,0,0
Coal,Statoil-Havnen,0,0
Coal,Stigsnæsværkets,1003,904
Coal,Stigsnæs_Inter_Terminals,0,0
Coal,Gedser,0,0
Coal,Rødby_Færgehavn,0,0
Coal,Rønne,0,0
Coal,Nyborg,0,0
Coal,Odense,500,317
Coal,Aabenraa,0,0
Coal,Ensted_Inter_Terminals,0,0
Coal,Enstedværkets,1385,1155
Coal,Esbjerg,376,525
Coal,Fredericia,0,0
Coal,Kolding,0,0
Coal,Vejle,0,0
Coal,Thyborøn,0,0
Coal,Ebeltoft,0,0
Coal,Grenaa,0,0
Coal,Randers,4,2
Coal,Studstrupværkets,619,563
Coal,Aarhus,71,70
Coal,Aalborg,13,533
Coal,Aalborg_Portland,243,311
Coal,Frederikshavn,0,0
Coal,Hirtshals,0,0
Coal,Nordjyllandsværkets,0,0
Agricultural_products,Avedøreværkets,0,0
Agricultural_products,Københavns,0,0
Agricultural_products,Helsingør,0,0
Agricultural_products,Stålvalseværkets,0,0
Agricultural_products,Køge,120,126
Agricultural_products,Asnæsværkets,0,0
Agricultural_products,Asnæs_Inter_Terminals,0,0
Agricultural_products,Gulfhavnen_Inter_Terminals,0,0
Agricultural_products,Kalundborg,596,514
Agricultural_products,Korsør,0,0
Agricultural_products,Sjællands-Odde,0,0
Agricultural_products,Statoil-Havnen,0,0
Agricultural_products,Stigsnæsværkets,0,0
Agricultural_products,Stigsnæs_Inter_Terminals,0,0
Agricultural_products,Gedser,0,0
Agricultural_products,Rødby_Færgehavn,0,0
Agricultural_products,Rønne,0,0
Agricultural_products,Nyborg,0,0
Agricultural_products,Odense,88,47
Agricultural_products,Aabenraa,21,28
Agricultural_products,Ensted_Inter_Terminals,0,0
Agricultural_products,Enstedværkets,0,0
Agricultural_products,Esbjerg,9,8
Agricultural_products,Fredericia,497,287
Agricultural_products,Kolding,64,53
Agricultural_products,Vejle,0,0
Agricultural_products,Thyborøn,0,0
Agricultural_products,Ebeltoft,0,0
Agricultural_products,Grenaa,49,5
Agricultural_products,Randers,40,32
Agricultural_products,Studstrupværkets,0,0
Agricultural_products,Aarhus,300,213
Agricultural_products,Aalborg,194,98
Agricultural_products,Aalborg_Portland,0,0
Agricultural_products,Frederikshavn,0,0
Agricultural_products,Hirtshals,0,0
Agricultural_products,Nordjyllandsværkets,0,0
Feeding_stuffs,Avedøreværkets,0,0
Feeding_stuffs,Københavns,0,0
Feeding_stuffs,Helsingør,0,0
Feeding_stuffs,Stålvalseværkets,0,0
Feeding_stuffs,Køge,0,0
Feeding_stuffs,Asnæsværkets,0,0
Feeding_stuffs,Asnæs_Inter_Terminals,0,0
Feeding_stuffs,Gulfhavnen_Inter_Terminals,0,0
Feeding_stuffs,Kalundborg,35,29
Feeding_stuffs,Korsør,0,0
Feeding_stuffs,Sjællands-Odde,0,0
Feeding_stuffs,Statoil-Havnen,0,0
Feeding_stuffs,Stigsnæsværkets,0,0
Feeding_stuffs,Stigsnæs_Inter_Terminals,0,0
Feeding_stuffs,Gedser,0,0
Feeding_stuffs,Rødby_Færgehavn,0,0
Feeding_stuffs,Rønne,60,62
Feeding_stuffs,Nyborg,0,0
Feeding_stuffs,Odense,9,37
Feeding_stuffs,Aabenraa,68,61
Feeding_stuffs,Ensted_Inter_Terminals,0,0
Feeding_stuffs,Enstedværkets,0,0
Feeding_stuffs,Esbjerg,0,0
Feeding_stuffs,Fredericia,279,288
Feeding_stuffs,Kolding,207,205
Feeding_stuffs,Vejle,0,0
Feeding_stuffs,Thyborøn,19,19
Feeding_stuffs,Ebeltoft,0,0
Feeding_stuffs,Grenaa,14,8
Feeding_stuffs,Randers,6,4
Feeding_stuffs,Studstrupværkets,0,0
Feeding_stuffs,Aarhus,1626,1725
Feeding_stuffs,Aalborg,136,127
Feeding_stuffs,Aalborg_Portland,0,0
Feeding_stuffs,Frederikshavn,0,0
Feeding_stuffs,Hirtshals,0,0
Feeding_stuffs,Nordjyllandsværkets,0,0
Solid_chemicals,Avedøreværkets,0,0
Solid_chemicals,Københavns,0,0
Solid_chemicals,Helsingør,0,0
Solid_chemicals,Stålvalseværkets,0,0
Solid_chemicals,Køge,0,0
Solid_chemicals,Asnæsværkets,0,0
Solid_chemicals,Asnæs_Inter_Terminals,0,0
Solid_chemicals,Gulfhavnen_Inter_Terminals,0,0
Solid_chemicals,Kalundborg,48,47
Solid_chemicals,Korsør,0,0
Solid_chemicals,Sjællands-Odde,0,0
Solid_chemicals,Statoil-Havnen,0,0
Solid_chemicals,Stigsnæsværkets,0,0
Solid_chemicals,Stigsnæs_Inter_Terminals,0,0
Solid_chemicals,Gedser,0,0
Solid_chemicals,Rødby_Færgehavn,0,0
Solid_chemicals,Rønne,0,0
Solid_chemicals,Nyborg,0,0
Solid_chemicals,Odense,0,0
Solid_chemicals,Aabenraa,0,0
Solid_chemicals,Ensted_Inter_Terminals,0,0
Solid_chemicals,Enstedværkets,0,0
Solid_chemicals,Esbjerg,26,25
Solid_chemicals,Fredericia,0,0
Solid_chemicals,Kolding,0,0
Solid_chemicals,Vejle,0,0
Solid_chemicals,Thyborøn,14,10
Solid_chemicals,Ebeltoft,0,0
Solid_chemicals,Grenaa,0,0
Solid_chemicals,Randers,0,0
Solid_chemicals,Studstrupværkets,0,0
Solid_chemicals,Aarhus,0,0
Solid_chemicals,Aalborg,0,0
Solid_chemicals,Aalborg_Portland,2,18
Solid_chemicals,Frederikshavn,0,0
Solid_chemicals,Hirtshals,0,0
Solid_chemicals,Nordjyllandsværkets,0,0
Fertilizers,Avedøreværkets,0,0
Fertilizers,Københavns,0,0
Fertilizers,Helsingør,0,0
Fertilizers,Stålvalseværkets,0,0
Fertilizers,Køge,32,22
Fertilizers,Asnæsværkets,0,0
Fertilizers,Asnæs_Inter_Terminals,0,0
Fertilizers,Gulfhavnen_Inter_Terminals,0,0
Fertilizers,Kalundborg,12,0
Fertilizers,Korsør,0,0
Fertilizers,Sjællands-Odde,0,0
Fertilizers,Statoil-Havnen,0,0
Fertilizers,Stigsnæsværkets,0,0
Fertilizers,Stigsnæs_Inter_Terminals,0,0
Fertilizers,Gedser,0,0
Fertilizers,Rødby_Færgehavn,0,0
Fertilizers,Rønne,9,11
Fertilizers,Nyborg,0,0
Fertilizers,Odense,22,16
Fertilizers,Aabenraa,18,32
Fertilizers,Ensted_Inter_Terminals,0,0
Fertilizers,Enstedværkets,0,0
Fertilizers,Esbjerg,0,0
Fertilizers,Fredericia,7,4
Fertilizers,Kolding,259,327
Fertilizers,Vejle,0,0
Fertilizers,Thyborøn,0,0
Fertilizers,Ebeltoft,0,0
Fertilizers,Grenaa,15,6
Fertilizers,Randers,213,244
Fertilizers,Studstrupværkets,0,0
Fertilizers,Aarhus,68,60
Fertilizers,Aalborg,41,16
Fertilizers,Aalborg_Portland,0,0
Fertilizers,Frederikshavn,0,0
Fertilizers,Hirtshals,0,0
Fertilizers,Nordjyllandsværkets,0,0
Bouders_sand_and_gravel,Avedøreværkets,0,0
Bouders_sand_and_gravel,Københavns,484,757
Bouders_sand_and_gravel,Helsingør,0,0
Bouders_sand_and_gravel,Stålvalseværkets,0,0
Bouders_sand_and_gravel,Køge,475,751
Bouders_sand_and_gravel,Asnæsværkets,0,0
Bouders_sand_and_gravel,Asnæs_Inter_Terminals,0,0
Bouders_sand_and_gravel,Gulfhavnen_Inter_Terminals,0,0
Bouders_sand_and_gravel,Kalundborg,70,55
Bouders_sand_and_gravel,Korsør,0,0
Bouders_sand_and_gravel,Sjællands-Odde,0,0
Bouders_sand_and_gravel,Statoil-Havnen,0,0
Bouders_sand_and_gravel,Stigsnæsværkets,0,0
Bouders_sand_and_gravel,Stigsnæs_Inter_Terminals,0,0
Bouders_sand_and_gravel,Gedser,0,0
Bouders_sand_and_gravel,Rødby_Færgehavn,0,0
Bouders_sand_and_gravel,Rønne,683,702
Bouders_sand_and_gravel,Nyborg,0,0
Bouders_sand_and_gravel,Odense,927,746
Bouders_sand_and_gravel,Aabenraa,881,945
Bouders_sand_and_gravel,Ensted_Inter_Terminals,0,0
Bouders_sand_and_gravel,Enstedværkets,0,2
Bouders_sand_and_gravel,Esbjerg,647,760
Bouders_sand_and_gravel,Fredericia,6,125
Bouders_sand_and_gravel,Kolding,143,121
Bouders_sand_and_gravel,Vejle,0,0
Bouders_sand_and_gravel,Thyborøn,638,1350
Bouders_sand_and_gravel,Ebeltoft,0,0
Bouders_sand_and_gravel,Grenaa,75,72
Bouders_sand_and_gravel,Randers,363,363
Bouders_sand_and_gravel,Studstrupværkets,0,0
Bouders_sand_and_gravel,Aarhus,655,631
Bouders_sand_and_gravel,Aalborg,262,267
Bouders_sand_and_gravel,Aalborg_Portland,0,0
Bouders_sand_and_gravel,Frederikshavn,0,0
Bouders_sand_and_gravel,Hirtshals,0,0
Bouders_sand_and_gravel,Nordjyllandsværkets,0,0
Lime_cement_plaster_etc.,Avedøreværkets,12,16
Lime_cement_plaster_etc.,Københavns,0,0
Lime_cement_plaster_etc.,Helsingør,0,0
Lime_cement_plaster_etc.,Stålvalseværkets,0,0
Lime_cement_plaster_etc.,Køge,24,28
Lime_cement_plaster_etc.,Asnæsværkets,76,26
Lime_cement_plaster_etc.,Asnæs_Inter_Terminals,0,0
Lime_cement_plaster_etc.,Gulfhavnen_Inter_Terminals,0,0
Lime_cement_plaster_etc.,Kalundborg,58,67
Lime_cement_plaster_etc.,Korsør,0,0
Lime_cement_plaster_etc.,Sjællands-Odde,0,0
Lime_cement_plaster_etc.,Statoil-Havnen,0,0
Lime_cement_plaster_etc.,Stigsnæsværkets,8,12
Lime_cement_plaster_etc.,Stigsnæs_Inter_Terminals,0,0
Lime_cement_plaster_etc.,Gedser,0,0
Lime_cement_plaster_etc.,Rødby_Færgehavn,0,0
Lime_cement_plaster_etc.,Rønne,13,14
Lime_cement_plaster_etc.,Nyborg,0,0
Lime_cement_plaster_etc.,Odense,92,110
Lime_cement_plaster_etc.,Aabenraa,160,113
Lime_cement_plaster_etc.,Ensted_Inter_Terminals,0,0
Lime_cement_plaster_etc.,Enstedværkets,14,9
Lime_cement_plaster_etc.,Esbjerg,7,4
Lime_cement_plaster_etc.,Fredericia,13,16
Lime_cement_plaster_etc.,Kolding,123,152
Lime_cement_plaster_etc.,Vejle,0,0
Lime_cement_plaster_etc.,Thyborøn,0,0
Lime_cement_plaster_etc.,Ebeltoft,0,0
Lime_cement_plaster_etc.,Grenaa,44,40
Lime_cement_plaster_etc.,Randers,138,149
Lime_cement_plaster_etc.,Studstrupværkets,38,57
Lime_cement_plaster_etc.,Aarhus,0,0
Lime_cement_plaster_etc.,Aalborg,55,67
Lime_cement_plaster_etc.,Aalborg_Portland,1563,1700
Lime_cement_plaster_etc.,Frederikshavn,0,0
Lime_cement_plaster_etc.,Hirtshals,0,0
Lime_cement_plaster_etc.,Nordjyllandsværkets,0,0
Other_solid_bulk,Avedøreværkets,811,714
Other_solid_bulk,Københavns,1312,981
Other_solid_bulk,Helsingør,0,0
Other_solid_bulk,Stålvalseværkets,0,0
Other_solid_bulk,Køge,207,211
Other_solid_bulk,Asnæsværkets,0,0
Other_solid_bulk,Asnæs_Inter_Terminals,0,0
Other_solid_bulk,Gulfhavnen_Inter_Terminals,0,0
Other_solid_bulk,Kalundborg,4,0
Other_solid_bulk,Korsør,0,0
Other_solid_bulk,Sjællands-Odde,0,0
Other_solid_bulk,Statoil-Havnen,0,0
Other_solid_bulk,Stigsnæsværkets,0,0
Other_solid_bulk,Stigsnæs_Inter_Terminals,0,0
Other_solid_bulk,Gedser,0,0
Other_solid_bulk,Rødby_Færgehavn,0,0
Other_solid_bulk,Rønne,18,28
Other_solid_bulk,Nyborg,0,0
Other_solid_bulk,Odense,75,70
Other_solid_bulk,Aabenraa,6,17
Other_solid_bulk,Ensted_Inter_Terminals,0,0
Other_solid_bulk,Enstedværkets,0,0
Other_solid_bulk,Esbjerg,34,40
Other_solid_bulk,Fredericia,136,171
Other_solid_bulk,Kolding,122,105
Other_solid_bulk,Vejle,0,0
Other_solid_bulk,Thyborøn,15,15
Other_solid_bulk,Ebeltoft,0,0
Other_solid_bulk,Grenaa,0,67
Other_solid_bulk,Randers,13,5
Other_solid_bulk,Studstrupværkets,2,388
Other_solid_bulk,Aarhus,0,67
Other_solid_bulk,Aalborg,89,91
Other_solid_bulk,Aalborg_Portland,44,91
Other_solid_bulk,Frederikshavn,0,0
Other_solid_bulk,Hirtshals,0,0
Other_solid_bulk,Nordjyllandsværkets,0,0
Goods_in_containers,Avedøreværkets,0,0
Goods_in_containers,Københavns,1347,1395
Goods_in_containers,Helsingør,0,0
Goods_in_containers,Stålvalseværkets,0,0
Goods_in_containers,Køge,0,0
Goods_in_containers,Asnæsværkets,0,0
Goods_in_containers,Asnæs_Inter_Terminals,0,0
Goods_in_containers,Gulfhavnen_Inter_Terminals,0,0
Goods_in_containers,Kalundborg,73,59
Goods_in_containers,Korsør,0,0
Goods_in_containers,Sjællands-Odde,0,0
Goods_in_containers,Statoil-Havnen,0,0
Goods_in_containers,Stigsnæsværkets,0,0
Goods_in_containers,Stigsnæs_Inter_Terminals,0,0
Goods_in_containers,Gedser,0,0
Goods_in_containers,Rødby_Færgehavn,0,0
Goods_in_containers,Rønne,0,0
Goods_in_containers,Nyborg,0,0
Goods_in_containers,Odense,0,0
Goods_in_containers,Aabenraa,0,0
Goods_in_containers,Ensted_Inter_Terminals,0,0
Goods_in_containers,Enstedværkets,0,0
Goods_in_containers,Esbjerg,204,183
Goods_in_containers,Fredericia,718,691
Goods_in_containers,Kolding,0,0
Goods_in_containers,Vejle,0,0
Goods_in_containers,Thyborøn,0,0
Goods_in_containers,Ebeltoft,0,0
Goods_in_containers,Grenaa,0,0
Goods_in_containers,Randers,0,0
Goods_in_containers,Studstrupværkets,0,0
Goods_in_containers,Aarhus,2896,2956
Goods_in_containers,Aalborg,344,422
Goods_in_containers,Aalborg_Portland,0,0
Goods_in_containers,Frederikshavn,0,0
Goods_in_containers,Hirtshals,0,0
Goods_in_containers,Nordjyllandsværkets,0,0
Unregistered_vehicles,Avedøreværkets,0,0
Unregistered_vehicles,Københavns,5,11
Unregistered_vehicles,Helsingør,0,0
Unregistered_vehicles,Stålvalseværkets,0,0
Unregistered_vehicles,Køge,0,0
Unregistered_vehicles,Asnæsværkets,0,0
Unregistered_vehicles,Asnæs_Inter_Terminals,0,0
Unregistered_vehicles,Gulfhavnen_Inter_Terminals,0,0
Unregistered_vehicles,Kalundborg,0,0
Unregistered_vehicles,Korsør,0,0
Unregistered_vehicles,Sjællands-Odde,0,0
Unregistered_vehicles,Statoil-Havnen,0,0
Unregistered_vehicles,Stigsnæsværkets,0,0
Unregistered_vehicles,Stigsnæs_Inter_Terminals,0,0
Unregistered_vehicles,Gedser,0,0
Unregistered_vehicles,Rødby_Færgehavn,0,0
Unregistered_vehicles,Rønne,0,0
Unregistered_vehicles,Nyborg,0,0
Unregistered_vehicles,Odense,0,0
Unregistered_vehicles,Aabenraa,0,0
Unregistered_vehicles,Ensted_Inter_Terminals,0,0
Unregistered_vehicles,Enstedværkets,0,0
Unregistered_vehicles,Esbjerg,82,112
Unregistered_vehicles,Fredericia,1,1
Unregistered_vehicles,Kolding,0,0
Unregistered_vehicles,Vejle,0,0
Unregistered_vehicles,Thyborøn,0,0
Unregistered_vehicles,Ebeltoft,0,0
Unregistered_vehicles,Grenaa,0,0
Unregistered_vehicles,Randers,0,0
Unregistered_vehicles,Studstrupværkets,0,0
Unregistered_vehicles,Aarhus,0,0
Unregistered_vehicles,Aalborg,0,0
Unregistered_vehicles,Aalborg_Portland,0,0
Unregistered_vehicles,Frederikshavn,0,0
Unregistered_vehicles,Hirtshals,0,0
Unregistered_vehicles,Nordjyllandsværkets,0,0
Other_goods_in_ro-ro_units,Avedøreværkets,0,0
Other_goods_in_ro-ro_units,Københavns,121,81
Other_goods_in_ro-ro_units,Helsingør,0,0
Other_goods_in_ro-ro_units,Stålvalseværkets,0,0
Other_goods_in_ro-ro_units,Køge,0,0
Other_goods_in_ro-ro_units,Asnæsværkets,0,0
Other_goods_in_ro-ro_units,Asnæs_Inter_Terminals,0,0
Other_goods_in_ro-ro_units,Gulfhavnen_Inter_Terminals,0,0
Other_goods_in_ro-ro_units,Kalundborg,0,0
Other_goods_in_ro-ro_units,Korsør,0,0
Other_goods_in_ro-ro_units,Sjællands-Odde,0,0
Other_goods_in_ro-ro_units,Statoil-Havnen,0,0
Other_goods_in_ro-ro_units,Stigsnæsværkets,0,0
Other_goods_in_ro-ro_units,Stigsnæs_Inter_Terminals,0,0
Other_goods_in_ro-ro_units,Gedser,0,0
Other_goods_in_ro-ro_units,Rødby_Færgehavn,0,0
Other_goods_in_ro-ro_units,Rønne,0,0
Other_goods_in_ro-ro_units,Nyborg,0,0
Other_goods_in_ro-ro_units,Odense,0,0
Other_goods_in_ro-ro_units,Aabenraa,0,0
Other_goods_in_ro-ro_units,Ensted_Inter_Terminals,0,0
Other_goods_in_ro-ro_units,Enstedværkets,0,0
Other_goods_in_ro-ro_units,Esbjerg,1622,1602
Other_goods_in_ro-ro_units,Fredericia,256,254
Other_goods_in_ro-ro_units,Kolding,0,0
Other_goods_in_ro-ro_units,Vejle,0,0
Other_goods_in_ro-ro_units,Thyborøn,0,0
Other_goods_in_ro-ro_units,Ebeltoft,0,0
Other_goods_in_ro-ro_units,Grenaa,0,0
Other_goods_in_ro-ro_units,Randers,0,0
Other_goods_in_ro-ro_units,Studstrupværkets,0,0
Other_goods_in_ro-ro_units,Aarhus,294,292
Other_goods_in_ro-ro_units,Aalborg,0,0
Other_goods_in_ro-ro_units,Aalborg_Portland,0,0
Other_goods_in_ro-ro_units,Frederikshavn,0,0
Other_goods_in_ro-ro_units,Hirtshals,0,0
Other_goods_in_ro-ro_units,Nordjyllandsværkets,0,0
Wood,Avedøreværkets,0,0
Wood,Københavns,287,315
Wood,Helsingør,0,0
Wood,Stålvalseværkets,0,0
Wood,Køge,113,176
Wood,Asnæsværkets,0,0
Wood,Asnæs_Inter_Terminals,0,0
Wood,Gulfhavnen_Inter_Terminals,0,0
Wood,Kalundborg,31,25
Wood,Korsør,0,0
Wood,Sjællands-Odde,0,0
Wood,Statoil-Havnen,0,0
Wood,Stigsnæsværkets,0,0
Wood,Stigsnæs_Inter_Terminals,0,0
Wood,Gedser,0,0
Wood,Rødby_Færgehavn,0,0
Wood,Rønne,22,23
Wood,Nyborg,0,0
Wood,Odense,0,0
Wood,Aabenraa,1,0
Wood,Ensted_Inter_Terminals,0,0
Wood,Enstedværkets,0,0
Wood,Esbjerg,0,0
Wood,Fredericia,0,0
Wood,Kolding,10,18
Wood,Vejle,0,0
Wood,Thyborøn,0,0
Wood,Ebeltoft,0,0
Wood,Grenaa,88,26
Wood,Randers,290,256
Wood,Studstrupværkets,0,0
Wood,Aarhus,48,0
Wood,Aalborg,43,37
Wood,Aalborg_Portland,0,0
Wood,Frederikshavn,0,0
Wood,Hirtshals,0,0
Wood,Nordjyllandsværkets,0,0
Iron_and_steel_products,Avedøreværkets,0,0
Iron_and_steel_products,Københavns,0,0
Iron_and_steel_products,Helsingør,0,0
Iron_and_steel_products,Stålvalseværkets,956,987
Iron_and_steel_products,Køge,50,61
Iron_and_steel_products,Asnæsværkets,0,0
Iron_and_steel_products,Asnæs_Inter_Terminals,0,0
Iron_and_steel_products,Gulfhavnen_Inter_Terminals,0,0
Iron_and_steel_products,Kalundborg,0,0
Iron_and_steel_products,Korsør,0,0
Iron_and_steel_products,Sjællands-Odde,0,0
Iron_and_steel_products,Statoil-Havnen,0,0
Iron_and_steel_products,Stigsnæsværkets,0,0
Iron_and_steel_products,Stigsnæs_Inter_Terminals,0,0
Iron_and_steel_products,Gedser,0,0
Iron_and_steel_products,Rødby_Færgehavn,0,0
Iron_and_steel_products,Rønne,0,0
Iron_and_steel_products,Nyborg,0,0
Iron_and_steel_products,Odense,16,106
Iron_and_steel_products,Aabenraa,0,0
Iron_and_steel_products,Ensted_Inter_Terminals,0,0
Iron_and_steel_products,Enstedværkets,0,0
Iron_and_steel_products,Esbjerg,22,13
Iron_and_steel_products,Fredericia,105,120
Iron_and_steel_products,Kolding,79,143
Iron_and_steel_products,Vejle,0,0
Iron_and_steel_products,Thyborøn,0,0
Iron_and_steel_products,Ebeltoft,0,0
Iron_and_steel_products,Grenaa,0,0
Iron_and_steel_products,Randers,72,46
Iron_and_steel_products,Studstrupværkets,0,0
Iron_and_steel_products,Aarhus,0,0
Iron_and_steel_products,Aalborg,179,187
Iron_and_steel_products,Aalborg_Portland,14,15
Iron_and_steel_products,Frederikshavn,0,0
Iron_and_steel_products,Hirtshals,0,0
Iron_and_steel_products,Nordjyllandsværkets,0,0
